{"accessibilityPrompt":true,"alwaysOnTop":false,"appVersion":"9.8","arch":"x64","asar":false,"blockExternalUrls":false,"bounce":false,"buildDate":1700825141153,"clearCache":false,"counter":false,"darwinDarkModeSupport":false,"disableContextMenu":true,"disableDevTools":true,"disableGpu":false,"disableOldBuildWarning":false,"electronVersionUsed":"25.7.0","enableEs3Apis":false,"fastQuit":false,"fullScreen":false,"height":800,"hideWindowFrame":false,"ignoreCertificate":false,"ignoreGpuBlacklist":false,"insecure":false,"isUpgrade":false,"maximize":false,"name":"CheerVision VOD","nativefierVersion":"52.0.0","portable":false,"quiet":false,"showMenuBar":false,"singleInstance":false,"strictInternalUrls":false,"targetUrl":"https://vod.cheervision.co/","tray":"false","userAgentHonest":false,"width":1280,"widevine":false,"win32metadata":{"ProductName":"CheerVision VOD","InternalName":"CheerVision VOD","FileDescription":"CheerVision VOD"},"zoom":1,"oldBuildWarningText":""}