{"accessibilityPrompt":true,"alwaysOnTop":false,"arch":"x64","asar":false,"blockExternalUrls":false,"bounce":false,"buildDate":1658317915940,"clearCache":false,"counter":false,"darwinDarkModeSupport":false,"disableContextMenu":false,"disableDevTools":false,"disableGpu":false,"disableOldBuildWarning":false,"electronVersionUsed":"18.3.5","enableEs3Apis":false,"fastQuit":false,"fullScreen":false,"height":800,"hideWindowFrame":false,"ignoreCertificate":false,"ignoreGpuBlacklist":false,"insecure":false,"isUpgrade":false,"maximize":false,"name":"SkyVOD","nativefierVersion":"47.2.1","portable":false,"quiet":false,"showMenuBar":false,"singleInstance":false,"strictInternalUrls":false,"targetUrl":"https://watch.sky4k.top/","tray":"true","userAgentHonest":false,"width":1280,"widevine":false,"win32metadata":{"ProductName":"SkyVOD","InternalName":"SkyVOD","FileDescription":"SkyVOD"},"zoom":1,"oldBuildWarningText":""}